bowler,over,maiden,runs,wickets,economy,wide,noball,inning,series
Mitchell Starc,12,1,59,3,4.91,1,0,New Zealand 1st Innings,"New Zealand vs Australia, 2nd Test at Christchurch, Mar 08 2024, Australia tour of New Zealand"
Josh Hazlewood,13.2,4,31,5,2.32,0,0,New Zealand 1st Innings,"New Zealand vs Australia, 2nd Test at Christchurch, Mar 08 2024, Australia tour of New Zealand"
Pat Cummins,11,4,35,1,3.18,0,0,New Zealand 1st Innings,"New Zealand vs Australia, 2nd Test at Christchurch, Mar 08 2024, Australia tour of New Zealand"
Nathan Lyon,2,0,6,0,3.00,0,0,New Zealand 1st Innings,"New Zealand vs Australia, 2nd Test at Christchurch, Mar 08 2024, Australia tour of New Zealand"
Mitchell Marsh,3,1,10,0,3.33,0,1,New Zealand 1st Innings,"New Zealand vs Australia, 2nd Test at Christchurch, Mar 08 2024, Australia tour of New Zealand"
Cameron Green,4,0,21,1,5.25,0,0,New Zealand 1st Innings,"New Zealand vs Australia, 2nd Test at Christchurch, Mar 08 2024, Australia tour of New Zealand"
Tim Southee,18,2,68,1,3.77,0,1,Australia 1st Innings,"New Zealand vs Australia, 2nd Test at Christchurch, Mar 08 2024, Australia tour of New Zealand"
Matt Henry,23,4,67,7,2.91,0,0,Australia 1st Innings,"New Zealand vs Australia, 2nd Test at Christchurch, Mar 08 2024, Australia tour of New Zealand"
Ben Sears,16,3,71,1,4.43,0,0,Australia 1st Innings,"New Zealand vs Australia, 2nd Test at Christchurch, Mar 08 2024, Australia tour of New Zealand"
Scott Kuggeleijn,6,1,30,0,5.00,0,0,Australia 1st Innings,"New Zealand vs Australia, 2nd Test at Christchurch, Mar 08 2024, Australia tour of New Zealand"
Glenn Phillips,5,0,14,1,2.80,0,0,Australia 1st Innings,"New Zealand vs Australia, 2nd Test at Christchurch, Mar 08 2024, Australia tour of New Zealand"
Mitchell Starc,22,3,94,1,4.27,2,0,New Zealand 2nd Innings,"New Zealand vs Australia, 2nd Test at Christchurch, Mar 08 2024, Australia tour of New Zealand"
Josh Hazlewood,26,6,70,1,2.69,0,3,New Zealand 2nd Innings,"New Zealand vs Australia, 2nd Test at Christchurch, Mar 08 2024, Australia tour of New Zealand"
Pat Cummins,24,3,62,4,2.58,0,0,New Zealand 2nd Innings,"New Zealand vs Australia, 2nd Test at Christchurch, Mar 08 2024, Australia tour of New Zealand"
Cameron Green,11,2,48,1,4.36,0,0,New Zealand 2nd Innings,"New Zealand vs Australia, 2nd Test at Christchurch, Mar 08 2024, Australia tour of New Zealand"
Nathan Lyon,16.2,1,49,3,3.00,0,0,New Zealand 2nd Innings,"New Zealand vs Australia, 2nd Test at Christchurch, Mar 08 2024, Australia tour of New Zealand"
Mitchell Marsh,6,1,19,0,3.16,0,1,New Zealand 2nd Innings,"New Zealand vs Australia, 2nd Test at Christchurch, Mar 08 2024, Australia tour of New Zealand"
Travis Head,2,0,7,0,3.50,0,0,New Zealand 2nd Innings,"New Zealand vs Australia, 2nd Test at Christchurch, Mar 08 2024, Australia tour of New Zealand"
Marnus Labuschagne,1,0,9,0,9.00,1,1,New Zealand 2nd Innings,"New Zealand vs Australia, 2nd Test at Christchurch, Mar 08 2024, Australia tour of New Zealand"
Tim Southee,14,1,39,1,2.78,0,0,Australia 2nd Innings,"New Zealand vs Australia, 2nd Test at Christchurch, Mar 08 2024, Australia tour of New Zealand"
Matt Henry,19,1,94,2,4.94,0,0,Australia 2nd Innings,"New Zealand vs Australia, 2nd Test at Christchurch, Mar 08 2024, Australia tour of New Zealand"
Ben Sears,17,2,90,4,5.29,0,1,Australia 2nd Innings,"New Zealand vs Australia, 2nd Test at Christchurch, Mar 08 2024, Australia tour of New Zealand"
Glenn Phillips,12,2,27,0,2.25,0,0,Australia 2nd Innings,"New Zealand vs Australia, 2nd Test at Christchurch, Mar 08 2024, Australia tour of New Zealand"
Scott Kuggeleijn,3,1,10,0,3.33,0,0,Australia 2nd Innings,"New Zealand vs Australia, 2nd Test at Christchurch, Mar 08 2024, Australia tour of New Zealand"
Jasprit Bumrah,13,2,51,0,3.92,0,2,England 1st Innings,"India vs England, 5th Test at Dharamsala, Mar 07 2024, England tour of India"
Mohammed Siraj,8,1,24,0,3.00,0,0,England 1st Innings,"India vs England, 5th Test at Dharamsala, Mar 07 2024, England tour of India"
Ravichandran Ashwin,11.4,1,51,4,4.37,0,0,England 1st Innings,"India vs England, 5th Test at Dharamsala, Mar 07 2024, England tour of India"
Kuldeep Yadav,15,1,72,5,4.80,0,0,England 1st Innings,"India vs England, 5th Test at Dharamsala, Mar 07 2024, England tour of India"
Ravindra Jadeja,10,2,17,1,1.70,0,0,England 1st Innings,"India vs England, 5th Test at Dharamsala, Mar 07 2024, England tour of India"
James Anderson,16,2,60,2,3.75,0,1,India 1st Innings,"India vs England, 5th Test at Dharamsala, Mar 07 2024, England tour of India"
Mark Wood,15,1,89,0,5.93,0,0,India 1st Innings,"India vs England, 5th Test at Dharamsala, Mar 07 2024, England tour of India"
Tom Hartley,39,3,126,2,3.23,0,0,India 1st Innings,"India vs England, 5th Test at Dharamsala, Mar 07 2024, England tour of India"
Shoaib Bashir,46.1,5,173,5,3.74,0,0,India 1st Innings,"India vs England, 5th Test at Dharamsala, Mar 07 2024, England tour of India"
Ben Stokes,5,1,17,1,3.40,0,1,India 1st Innings,"India vs England, 5th Test at Dharamsala, Mar 07 2024, England tour of India"
Joe Root,3,0,8,0,2.66,0,0,India 1st Innings,"India vs England, 5th Test at Dharamsala, Mar 07 2024, England tour of India"
Jasprit Bumrah,10,2,38,2,3.80,0,1,England 2nd Innings,"India vs England, 5th Test at Dharamsala, Mar 07 2024, England tour of India"
Ravichandran Ashwin,14,0,77,5,5.50,0,0,England 2nd Innings,"India vs England, 5th Test at Dharamsala, Mar 07 2024, England tour of India"
Ravindra Jadeja,9,1,25,1,2.77,0,0,England 2nd Innings,"India vs England, 5th Test at Dharamsala, Mar 07 2024, England tour of India"
Kuldeep Yadav,14.1,0,40,2,2.82,0,0,England 2nd Innings,"India vs England, 5th Test at Dharamsala, Mar 07 2024, England tour of India"
Mohammed Siraj,1,0,8,0,8.00,0,0,England 2nd Innings,"India vs England, 5th Test at Dharamsala, Mar 07 2024, England tour of India"
Tim Southee,27,4,92,0,3.40,0,2,Australia 1st Innings,"New Zealand vs Australia, 1st Test at Wellington, Feb 29 2024, Australia tour of New Zealand"
Matt Henry,30.1,11,70,5,2.32,2,0,Australia 1st Innings,"New Zealand vs Australia, 1st Test at Wellington, Feb 29 2024, Australia tour of New Zealand"
William O’Rourke,27,10,87,2,3.22,3,0,Australia 1st Innings,"New Zealand vs Australia, 1st Test at Wellington, Feb 29 2024, Australia tour of New Zealand"
Scott Kuggeleijn,20,1,75,2,3.75,3,1,Australia 1st Innings,"New Zealand vs Australia, 1st Test at Wellington, Feb 29 2024, Australia tour of New Zealand"
Daryl Mitchell,4,0,17,0,4.25,0,0,Australia 1st Innings,"New Zealand vs Australia, 1st Test at Wellington, Feb 29 2024, Australia tour of New Zealand"
Rachin Ravindra,7,1,24,1,3.42,0,0,Australia 1st Innings,"New Zealand vs Australia, 1st Test at Wellington, Feb 29 2024, Australia tour of New Zealand"
Mitchell Starc,9,4,34,1,3.77,1,0,New Zealand 1st Innings,"New Zealand vs Australia, 1st Test at Wellington, Feb 29 2024, Australia tour of New Zealand"
Josh Hazlewood,12,0,55,2,4.58,0,0,New Zealand 1st Innings,"New Zealand vs Australia, 1st Test at Wellington, Feb 29 2024, Australia tour of New Zealand"
Pat Cummins,10,2,33,1,3.30,0,0,New Zealand 1st Innings,"New Zealand vs Australia, 1st Test at Wellington, Feb 29 2024, Australia tour of New Zealand"
Mitchell Marsh,4,0,10,1,2.50,0,2,New Zealand 1st Innings,"New Zealand vs Australia, 1st Test at Wellington, Feb 29 2024, Australia tour of New Zealand"
Nathan Lyon,8.1,1,43,4,5.26,0,0,New Zealand 1st Innings,"New Zealand vs Australia, 1st Test at Wellington, Feb 29 2024, Australia tour of New Zealand"
Tim Southee,11.1,2,46,2,4.11,0,0,Australia 2nd Innings,"New Zealand vs Australia, 1st Test at Wellington, Feb 29 2024, Australia tour of New Zealand"
Matt Henry,12.1,1,36,3,2.95,0,0,Australia 2nd Innings,"New Zealand vs Australia, 1st Test at Wellington, Feb 29 2024, Australia tour of New Zealand"
Scott Kuggeleijn,3,0,18,0,6.00,0,0,Australia 2nd Innings,"New Zealand vs Australia, 1st Test at Wellington, Feb 29 2024, Australia tour of New Zealand"
William O’Rourke,7.5,4,11,0,1.40,0,0,Australia 2nd Innings,"New Zealand vs Australia, 1st Test at Wellington, Feb 29 2024, Australia tour of New Zealand"
Glenn Phillips,16,4,45,5,2.81,0,0,Australia 2nd Innings,"New Zealand vs Australia, 1st Test at Wellington, Feb 29 2024, Australia tour of New Zealand"
Rachin Ravindra,1,0,2,0,2.00,0,0,Australia 2nd Innings,"New Zealand vs Australia, 1st Test at Wellington, Feb 29 2024, Australia tour of New Zealand"
Mitchell Starc,9,3,29,0,3.22,1,0,New Zealand 2nd Innings,"New Zealand vs Australia, 1st Test at Wellington, Feb 29 2024, Australia tour of New Zealand"
Josh Hazlewood,9.4,2,20,2,2.06,0,0,New Zealand 2nd Innings,"New Zealand vs Australia, 1st Test at Wellington, Feb 29 2024, Australia tour of New Zealand"
Nathan Lyon,27,8,65,6,2.40,0,0,New Zealand 2nd Innings,"New Zealand vs Australia, 1st Test at Wellington, Feb 29 2024, Australia tour of New Zealand"
Pat Cummins,12,1,40,0,3.33,0,1,New Zealand 2nd Innings,"New Zealand vs Australia, 1st Test at Wellington, Feb 29 2024, Australia tour of New Zealand"
Travis Head,4,1,10,1,2.50,0,0,New Zealand 2nd Innings,"New Zealand vs Australia, 1st Test at Wellington, Feb 29 2024, Australia tour of New Zealand"
Cameron Green,3,0,16,1,5.33,1,0,New Zealand 2nd Innings,"New Zealand vs Australia, 1st Test at Wellington, Feb 29 2024, Australia tour of New Zealand"
Mohammed Siraj,18,3,78,2,4.33,0,0,England 1st Innings,"India vs England, 4th Test at Ranchi, Feb 23 2024, England tour of India"
Akash Deep,19,0,83,3,4.36,0,4,England 1st Innings,"India vs England, 4th Test at Ranchi, Feb 23 2024, England tour of India"
Ravindra Jadeja,32.5,7,67,4,2.04,0,1,England 1st Innings,"India vs England, 4th Test at Ranchi, Feb 23 2024, England tour of India"
Ravichandran Ashwin,22,1,83,1,3.77,0,0,England 1st Innings,"India vs England, 4th Test at Ranchi, Feb 23 2024, England tour of India"
Kuldeep Yadav,12,4,22,0,1.83,0,0,England 1st Innings,"India vs England, 4th Test at Ranchi, Feb 23 2024, England tour of India"
Yashasvi Jaiswal,1,0,6,0,6.00,0,0,England 1st Innings,"India vs England, 4th Test at Ranchi, Feb 23 2024, England tour of India"
James Anderson,18,4,48,2,2.66,0,0,India 1st Innings,"India vs England, 4th Test at Ranchi, Feb 23 2024, England tour of India"
Ollie Robinson,13,0,54,0,4.15,0,6,India 1st Innings,"India vs England, 4th Test at Ranchi, Feb 23 2024, England tour of India"
Shoaib Bashir,44,8,119,5,2.70,0,0,India 1st Innings,"India vs England, 4th Test at Ranchi, Feb 23 2024, England tour of India"
Tom Hartley,27.2,6,68,3,2.48,0,0,India 1st Innings,"India vs England, 4th Test at Ranchi, Feb 23 2024, England tour of India"
Joe Root,1,0,1,0,1.00,0,0,India 1st Innings,"India vs England, 4th Test at Ranchi, Feb 23 2024, England tour of India"
Ravichandran Ashwin,15.5,0,51,5,3.22,0,0,England 2nd Innings,"India vs England, 4th Test at Ranchi, Feb 23 2024, England tour of India"
Ravindra Jadeja,20,5,56,1,2.80,0,0,England 2nd Innings,"India vs England, 4th Test at Ranchi, Feb 23 2024, England tour of India"
Mohammed Siraj,3,0,16,0,5.33,0,0,England 2nd Innings,"India vs England, 4th Test at Ranchi, Feb 23 2024, England tour of India"
Kuldeep Yadav,15,2,22,4,1.46,0,0,England 2nd Innings,"India vs England, 4th Test at Ranchi, Feb 23 2024, England tour of India"
Joe Root,7,0,26,1,3.71,0,0,India 2nd Innings,"India vs England, 4th Test at Ranchi, Feb 23 2024, England tour of India"
Tom Hartley,25,2,70,1,2.80,0,0,India 2nd Innings,"India vs England, 4th Test at Ranchi, Feb 23 2024, England tour of India"
Shoaib Bashir,26,4,79,3,3.03,0,0,India 2nd Innings,"India vs England, 4th Test at Ranchi, Feb 23 2024, England tour of India"
James Anderson,3,1,12,0,4.00,0,0,India 2nd Innings,"India vs England, 4th Test at Ranchi, Feb 23 2024, England tour of India"
James Anderson,25,7,61,1,2.44,0,1,India 1st Innings,"India vs England, 3rd Test at Rajkot, Feb 15 2024, England tour of India"
Mark Wood,27.5,2,114,4,4.09,1,1,India 1st Innings,"India vs England, 3rd Test at Rajkot, Feb 15 2024, England tour of India"
Tom Hartley,40,7,109,1,2.72,0,0,India 1st Innings,"India vs England, 3rd Test at Rajkot, Feb 15 2024, England tour of India"
Joe Root,16,3,70,1,4.37,0,0,India 1st Innings,"India vs England, 3rd Test at Rajkot, Feb 15 2024, England tour of India"
Rehan Ahmed,22,2,85,2,3.86,0,0,India 1st Innings,"India vs England, 3rd Test at Rajkot, Feb 15 2024, England tour of India"
Jasprit Bumrah,15,1,54,1,3.60,0,1,England 1st Innings,"India vs England, 3rd Test at Rajkot, Feb 15 2024, England tour of India"
Mohammed Siraj,21.1,2,84,4,3.96,0,1,England 1st Innings,"India vs England, 3rd Test at Rajkot, Feb 15 2024, England tour of India"
Kuldeep Yadav,18,2,77,2,4.27,0,0,England 1st Innings,"India vs England, 3rd Test at Rajkot, Feb 15 2024, England tour of India"
Ravichandran Ashwin,7,0,37,1,5.28,0,0,England 1st Innings,"India vs England, 3rd Test at Rajkot, Feb 15 2024, England tour of India"
Ravindra Jadeja,10,0,51,2,5.10,0,2,England 1st Innings,"India vs England, 3rd Test at Rajkot, Feb 15 2024, England tour of India"
James Anderson,13,1,78,0,6.00,1,0,India 2nd Innings,"India vs England, 3rd Test at Rajkot, Feb 15 2024, England tour of India"
Joe Root,27,3,111,1,4.11,0,0,India 2nd Innings,"India vs England, 3rd Test at Rajkot, Feb 15 2024, England tour of India"
Tom Hartley,23,2,78,1,3.39,0,0,India 2nd Innings,"India vs England, 3rd Test at Rajkot, Feb 15 2024, England tour of India"
Mark Wood,10,0,46,0,4.60,1,0,India 2nd Innings,"India vs England, 3rd Test at Rajkot, Feb 15 2024, England tour of India"
Rehan Ahmed,25,1,108,1,4.32,0,0,India 2nd Innings,"India vs England, 3rd Test at Rajkot, Feb 15 2024, England tour of India"
Jasprit Bumrah,8,1,18,1,2.25,0,1,England 2nd Innings,"India vs England, 3rd Test at Rajkot, Feb 15 2024, England tour of India"
Mohammed Siraj,5,2,16,0,3.20,0,0,England 2nd Innings,"India vs England, 3rd Test at Rajkot, Feb 15 2024, England tour of India"
Ravindra Jadeja,12.4,4,41,5,3.23,0,2,England 2nd Innings,"India vs England, 3rd Test at Rajkot, Feb 15 2024, England tour of India"
Kuldeep Yadav,8,2,19,2,2.37,0,0,England 2nd Innings,"India vs England, 3rd Test at Rajkot, Feb 15 2024, England tour of India"
Ravichandran Ashwin,6,3,19,1,3.16,0,0,England 2nd Innings,"India vs England, 3rd Test at Rajkot, Feb 15 2024, England tour of India"
Tim Southee,25,8,63,1,2.52,0,0,South Africa 1st Innings,"New Zealand vs South Africa, 2nd Test at Hamilton, Feb 13 2024, South Africa tour of New Zealand"
Matt Henry,17,5,44,1,2.58,1,0,South Africa 1st Innings,"New Zealand vs South Africa, 2nd Test at Hamilton, Feb 13 2024, South Africa tour of New Zealand"
William O’Rourke,18.2,4,59,4,3.21,1,0,South Africa 1st Innings,"New Zealand vs South Africa, 2nd Test at Hamilton, Feb 13 2024, South Africa tour of New Zealand"
Neil Wagner,16,6,32,1,2.00,1,0,South Africa 1st Innings,"New Zealand vs South Africa, 2nd Test at Hamilton, Feb 13 2024, South Africa tour of New Zealand"
Rachin Ravindra,21,8,33,3,1.57,0,0,South Africa 1st Innings,"New Zealand vs South Africa, 2nd Test at Hamilton, Feb 13 2024, South Africa tour of New Zealand"
Dane Paterson,17,6,39,3,2.29,0,0,New Zealand 1st Innings,"New Zealand vs South Africa, 2nd Test at Hamilton, Feb 13 2024, South Africa tour of New Zealand"
Tshepo Moreki,13,4,32,1,2.46,1,0,New Zealand 1st Innings,"New Zealand vs South Africa, 2nd Test at Hamilton, Feb 13 2024, South Africa tour of New Zealand"
Dane Piedt,32.3,5,89,5,2.73,0,0,New Zealand 1st Innings,"New Zealand vs South Africa, 2nd Test at Hamilton, Feb 13 2024, South Africa tour of New Zealand"
Shaun von Berg,13,3,40,0,3.07,0,0,New Zealand 1st Innings,"New Zealand vs South Africa, 2nd Test at Hamilton, Feb 13 2024, South Africa tour of New Zealand"
Ruan de Swardt,2,0,5,0,2.50,0,0,New Zealand 1st Innings,"New Zealand vs South Africa, 2nd Test at Hamilton, Feb 13 2024, South Africa tour of New Zealand"
Tim Southee,9,2,33,0,3.66,0,0,South Africa 2nd Innings,"New Zealand vs South Africa, 2nd Test at Hamilton, Feb 13 2024, South Africa tour of New Zealand"
Matt Henry,11,5,15,1,1.36,0,0,South Africa 2nd Innings,"New Zealand vs South Africa, 2nd Test at Hamilton, Feb 13 2024, South Africa tour of New Zealand"
Rachin Ravindra,13,1,50,1,3.84,1,0,South Africa 2nd Innings,"New Zealand vs South Africa, 2nd Test at Hamilton, Feb 13 2024, South Africa tour of New Zealand"
William O’Rourke,13.5,4,34,5,2.45,1,0,South Africa 2nd Innings,"New Zealand vs South Africa, 2nd Test at Hamilton, Feb 13 2024, South Africa tour of New Zealand"
Glenn Phillips,15,3,50,2,3.33,0,0,South Africa 2nd Innings,"New Zealand vs South Africa, 2nd Test at Hamilton, Feb 13 2024, South Africa tour of New Zealand"
Neil Wagner,8,1,42,1,5.25,0,2,South Africa 2nd Innings,"New Zealand vs South Africa, 2nd Test at Hamilton, Feb 13 2024, South Africa tour of New Zealand"
Dane Paterson,22,5,58,0,2.63,0,0,New Zealand 2nd Innings,"New Zealand vs South Africa, 2nd Test at Hamilton, Feb 13 2024, South Africa tour of New Zealand"
Tshepo Moreki,18.2,4,44,0,2.40,1,1,New Zealand 2nd Innings,"New Zealand vs South Africa, 2nd Test at Hamilton, Feb 13 2024, South Africa tour of New Zealand"
Dane Piedt,32,4,93,3,2.90,0,0,New Zealand 2nd Innings,"New Zealand vs South Africa, 2nd Test at Hamilton, Feb 13 2024, South Africa tour of New Zealand"
Shaun von Berg,16,0,60,0,3.75,0,0,New Zealand 2nd Innings,"New Zealand vs South Africa, 2nd Test at Hamilton, Feb 13 2024, South Africa tour of New Zealand"
Ruan de Swardt,6,3,7,0,1.16,0,0,New Zealand 2nd Innings,"New Zealand vs South Africa, 2nd Test at Hamilton, Feb 13 2024, South Africa tour of New Zealand"
Duanne Olivier,30,3,119,0,3.96,1,2,New Zealand 1st Innings,"New Zealand vs South Africa, 1st Test at Mount Maunganui, Feb 04 2024, South Africa tour of New Zealand"
Tshepo Moreki,27,2,110,1,4.07,1,2,New Zealand 1st Innings,"New Zealand vs South Africa, 1st Test at Mount Maunganui, Feb 04 2024, South Africa tour of New Zealand"
Dane Paterson,32,5,98,1,3.06,0,0,New Zealand 1st Innings,"New Zealand vs South Africa, 1st Test at Mount Maunganui, Feb 04 2024, South Africa tour of New Zealand"
Ruan de Swardt,29,7,61,2,2.10,0,0,New Zealand 1st Innings,"New Zealand vs South Africa, 1st Test at Mount Maunganui, Feb 04 2024, South Africa tour of New Zealand"
Neil Brand,26,1,119,6,4.57,1,0,New Zealand 1st Innings,"New Zealand vs South Africa, 1st Test at Mount Maunganui, Feb 04 2024, South Africa tour of New Zealand"
Tim Southee,13,3,41,0,3.15,0,0,South Africa 1st Innings,"New Zealand vs South Africa, 1st Test at Mount Maunganui, Feb 04 2024, South Africa tour of New Zealand"
Matt Henry,14,6,31,3,2.21,0,0,South Africa 1st Innings,"New Zealand vs South Africa, 1st Test at Mount Maunganui, Feb 04 2024, South Africa tour of New Zealand"
Kyle Jamieson,15,6,35,2,2.33,0,1,South Africa 1st Innings,"New Zealand vs South Africa, 1st Test at Mount Maunganui, Feb 04 2024, South Africa tour of New Zealand"
Mitchell Santner,21,8,34,3,1.61,0,0,South Africa 1st Innings,"New Zealand vs South Africa, 1st Test at Mount Maunganui, Feb 04 2024, South Africa tour of New Zealand"
Rachin Ravindra,9.5,5,16,2,1.62,0,0,South Africa 1st Innings,"New Zealand vs South Africa, 1st Test at Mount Maunganui, Feb 04 2024, South Africa tour of New Zealand"
Dane Paterson,10,1,38,1,3.80,0,0,New Zealand 2nd Innings,"New Zealand vs South Africa, 1st Test at Mount Maunganui, Feb 04 2024, South Africa tour of New Zealand"
Tshepo Moreki,8,1,16,0,2.00,0,1,New Zealand 2nd Innings,"New Zealand vs South Africa, 1st Test at Mount Maunganui, Feb 04 2024, South Africa tour of New Zealand"
Ruan de Swardt,8,0,48,1,6.00,1,0,New Zealand 2nd Innings,"New Zealand vs South Africa, 1st Test at Mount Maunganui, Feb 04 2024, South Africa tour of New Zealand"
Duanne Olivier,4,0,19,0,4.75,0,1,New Zealand 2nd Innings,"New Zealand vs South Africa, 1st Test at Mount Maunganui, Feb 04 2024, South Africa tour of New Zealand"
Neil Brand,13,1,52,2,4.00,1,0,New Zealand 2nd Innings,"New Zealand vs South Africa, 1st Test at Mount Maunganui, Feb 04 2024, South Africa tour of New Zealand"
Tim Southee,10,3,46,1,4.60,0,0,South Africa 2nd Innings,"New Zealand vs South Africa, 1st Test at Mount Maunganui, Feb 04 2024, South Africa tour of New Zealand"
Matt Henry,11,3,33,1,3.00,0,0,South Africa 2nd Innings,"New Zealand vs South Africa, 1st Test at Mount Maunganui, Feb 04 2024, South Africa tour of New Zealand"
Kyle Jamieson,17,3,58,4,3.41,2,1,South Africa 2nd Innings,"New Zealand vs South Africa, 1st Test at Mount Maunganui, Feb 04 2024, South Africa tour of New Zealand"
Mitchell Santner,26,9,59,3,2.26,0,0,South Africa 2nd Innings,"New Zealand vs South Africa, 1st Test at Mount Maunganui, Feb 04 2024, South Africa tour of New Zealand"
Glenn Phillips,9,1,30,1,3.33,0,0,South Africa 2nd Innings,"New Zealand vs South Africa, 1st Test at Mount Maunganui, Feb 04 2024, South Africa tour of New Zealand"
Rachin Ravindra,7,2,18,0,2.57,0,1,South Africa 2nd Innings,"New Zealand vs South Africa, 1st Test at Mount Maunganui, Feb 04 2024, South Africa tour of New Zealand"
James Anderson,25,4,47,3,1.88,0,1,India 1st Innings,"India vs England, 2nd Test at Visakhapatnam, Feb 02 2024, England tour of India"
Joe Root,14,0,71,0,5.07,0,0,India 1st Innings,"India vs England, 2nd Test at Visakhapatnam, Feb 02 2024, England tour of India"
Tom Hartley,18,2,74,1,4.11,0,0,India 1st Innings,"India vs England, 2nd Test at Visakhapatnam, Feb 02 2024, England tour of India"
Shoaib Bashir,38,1,138,3,3.63,0,0,India 1st Innings,"India vs England, 2nd Test at Visakhapatnam, Feb 02 2024, England tour of India"
Rehan Ahmed,17,2,65,3,3.82,0,0,India 1st Innings,"India vs England, 2nd Test at Visakhapatnam, Feb 02 2024, England tour of India"
Jasprit Bumrah,15.5,5,45,6,2.84,0,0,England 1st Innings,"India vs England, 2nd Test at Visakhapatnam, Feb 02 2024, England tour of India"
Mukesh Kumar,7,1,44,0,6.28,0,1,England 1st Innings,"India vs England, 2nd Test at Visakhapatnam, Feb 02 2024, England tour of India"
Kuldeep Yadav,17,1,71,3,4.17,0,0,England 1st Innings,"India vs England, 2nd Test at Visakhapatnam, Feb 02 2024, England tour of India"
Ravichandran Ashwin,12,0,61,0,5.08,0,0,England 1st Innings,"India vs England, 2nd Test at Visakhapatnam, Feb 02 2024, England tour of India"
Axar Patel,4,0,24,1,6.00,0,0,England 1st Innings,"India vs England, 2nd Test at Visakhapatnam, Feb 02 2024, England tour of India"
James Anderson,10,1,29,2,2.90,0,0,India 2nd Innings,"India vs England, 2nd Test at Visakhapatnam, Feb 02 2024, England tour of India"
Shoaib Bashir,15,0,58,1,3.86,0,0,India 2nd Innings,"India vs England, 2nd Test at Visakhapatnam, Feb 02 2024, England tour of India"
Rehan Ahmed,24.3,5,88,3,3.59,0,0,India 2nd Innings,"India vs England, 2nd Test at Visakhapatnam, Feb 02 2024, England tour of India"
Joe Root,2,1,1,0,0.50,0,0,India 2nd Innings,"India vs England, 2nd Test at Visakhapatnam, Feb 02 2024, England tour of India"
Tom Hartley,27,3,77,4,2.85,0,1,India 2nd Innings,"India vs England, 2nd Test at Visakhapatnam, Feb 02 2024, England tour of India"
Jasprit Bumrah,17.2,4,46,3,2.65,0,1,England 2nd Innings,"India vs England, 2nd Test at Visakhapatnam, Feb 02 2024, England tour of India"
Mukesh Kumar,5,1,26,1,5.20,0,1,England 2nd Innings,"India vs England, 2nd Test at Visakhapatnam, Feb 02 2024, England tour of India"
Kuldeep Yadav,15,0,60,1,4.00,0,0,England 2nd Innings,"India vs England, 2nd Test at Visakhapatnam, Feb 02 2024, England tour of India"
Ravichandran Ashwin,18,2,72,3,4.00,0,0,England 2nd Innings,"India vs England, 2nd Test at Visakhapatnam, Feb 02 2024, England tour of India"
Axar Patel,14,1,75,1,5.35,0,0,England 2nd Innings,"India vs England, 2nd Test at Visakhapatnam, Feb 02 2024, England tour of India"
Mitchell Starc,24,3,82,4,3.41,0,0,West Indies 1st Innings,"Australia vs West Indies, 2nd Test at Brisbane, Jan 25 2024, West Indies tour of Australia"
Josh Hazlewood,20,6,38,2,1.90,0,1,West Indies 1st Innings,"Australia vs West Indies, 2nd Test at Brisbane, Jan 25 2024, West Indies tour of Australia"
Pat Cummins,23,1,76,1,3.30,1,0,West Indies 1st Innings,"Australia vs West Indies, 2nd Test at Brisbane, Jan 25 2024, West Indies tour of Australia"
Nathan Lyon,28,3,81,2,2.89,0,0,West Indies 1st Innings,"Australia vs West Indies, 2nd Test at Brisbane, Jan 25 2024, West Indies tour of Australia"
Mitchell Marsh,2,0,3,0,1.50,0,1,West Indies 1st Innings,"Australia vs West Indies, 2nd Test at Brisbane, Jan 25 2024, West Indies tour of Australia"
Cameron Green,7,2,12,0,1.71,1,0,West Indies 1st Innings,"Australia vs West Indies, 2nd Test at Brisbane, Jan 25 2024, West Indies tour of Australia"
Marnus Labuschagne,1,0,1,0,1.00,0,0,West Indies 1st Innings,"Australia vs West Indies, 2nd Test at Brisbane, Jan 25 2024, West Indies tour of Australia"
Travis Head,3,0,14,0,4.66,0,0,West Indies 1st Innings,"Australia vs West Indies, 2nd Test at Brisbane, Jan 25 2024, West Indies tour of Australia"
Kemar Roach,11,0,47,3,4.27,1,0,Australia 1st Innings,"Australia vs West Indies, 2nd Test at Brisbane, Jan 25 2024, West Indies tour of Australia"
Alzarri Joseph,14,0,84,4,6.00,1,5,Australia 1st Innings,"Australia vs West Indies, 2nd Test at Brisbane, Jan 25 2024, West Indies tour of Australia"
Shamar Joseph,11,1,56,1,5.09,0,0,Australia 1st Innings,"Australia vs West Indies, 2nd Test at Brisbane, Jan 25 2024, West Indies tour of Australia"
Justin Greaves,9,3,31,0,3.44,0,0,Australia 1st Innings,"Australia vs West Indies, 2nd Test at Brisbane, Jan 25 2024, West Indies tour of Australia"
Kevin Sinclair,8,1,53,1,6.62,0,1,Australia 1st Innings,"Australia vs West Indies, 2nd Test at Brisbane, Jan 25 2024, West Indies tour of Australia"
Mitchell Starc,14.3,3,45,1,3.10,0,3,West Indies 2nd Innings,"Australia vs West Indies, 2nd Test at Brisbane, Jan 25 2024, West Indies tour of Australia"
Josh Hazlewood,14,5,23,3,1.64,0,0,West Indies 2nd Innings,"Australia vs West Indies, 2nd Test at Brisbane, Jan 25 2024, West Indies tour of Australia"
Pat Cummins,12,1,39,0,3.25,0,0,West Indies 2nd Innings,"Australia vs West Indies, 2nd Test at Brisbane, Jan 25 2024, West Indies tour of Australia"
Cameron Green,10,2,37,1,3.70,0,0,West Indies 2nd Innings,"Australia vs West Indies, 2nd Test at Brisbane, Jan 25 2024, West Indies tour of Australia"
Nathan Lyon,22,6,42,3,1.90,0,0,West Indies 2nd Innings,"Australia vs West Indies, 2nd Test at Brisbane, Jan 25 2024, West Indies tour of Australia"
Kemar Roach,10,1,28,0,2.80,0,0,Australia 2nd Innings,"Australia vs West Indies, 2nd Test at Brisbane, Jan 25 2024, West Indies tour of Australia"
Alzarri Joseph,17,1,62,2,3.64,1,5,Australia 2nd Innings,"Australia vs West Indies, 2nd Test at Brisbane, Jan 25 2024, West Indies tour of Australia"
Justin Greaves,12,0,46,1,3.83,2,1,Australia 2nd Innings,"Australia vs West Indies, 2nd Test at Brisbane, Jan 25 2024, West Indies tour of Australia"
Shamar Joseph,11.5,0,68,7,5.74,0,3,Australia 2nd Innings,"Australia vs West Indies, 2nd Test at Brisbane, Jan 25 2024, West Indies tour of Australia"
Jasprit Bumrah,8.3,1,28,2,3.29,0,0,England 1st Innings,"India vs England, 1st Test at Hyderabad, Jan 25 2024, England tour of India"
Mohammed Siraj,4,0,28,0,7.00,0,1,England 1st Innings,"India vs England, 1st Test at Hyderabad, Jan 25 2024, England tour of India"
Ravindra Jadeja,18,4,88,3,4.88,0,1,England 1st Innings,"India vs England, 1st Test at Hyderabad, Jan 25 2024, England tour of India"
Ravichandran Ashwin,21,1,68,3,3.23,0,0,England 1st Innings,"India vs England, 1st Test at Hyderabad, Jan 25 2024, England tour of India"
Axar Patel,13,1,33,2,2.53,0,0,England 1st Innings,"India vs England, 1st Test at Hyderabad, Jan 25 2024, England tour of India"
Mark Wood,17,1,47,0,2.76,2,0,India 1st Innings,"India vs England, 1st Test at Hyderabad, Jan 25 2024, England tour of India"
Tom Hartley,25,0,131,2,5.24,0,2,India 1st Innings,"India vs England, 1st Test at Hyderabad, Jan 25 2024, England tour of India"
Jack Leach,26,6,63,1,2.42,0,0,India 1st Innings,"India vs England, 1st Test at Hyderabad, Jan 25 2024, England tour of India"
Rehan Ahmed,24,4,105,2,4.37,0,0,India 1st Innings,"India vs England, 1st Test at Hyderabad, Jan 25 2024, England tour of India"
Joe Root,29,5,79,4,2.72,0,0,India 1st Innings,"India vs England, 1st Test at Hyderabad, Jan 25 2024, England tour of India"
Jasprit Bumrah,16.1,4,41,4,2.53,0,0,England 2nd Innings,"India vs England, 1st Test at Hyderabad, Jan 25 2024, England tour of India"
Ravichandran Ashwin,29,4,126,3,4.34,0,0,England 2nd Innings,"India vs England, 1st Test at Hyderabad, Jan 25 2024, England tour of India"
Axar Patel,16,2,74,1,4.62,0,0,England 2nd Innings,"India vs England, 1st Test at Hyderabad, Jan 25 2024, England tour of India"
Ravindra Jadeja,34,1,131,2,3.85,0,6,England 2nd Innings,"India vs England, 1st Test at Hyderabad, Jan 25 2024, England tour of India"
Mohammed Siraj,7,1,22,0,3.14,0,0,England 2nd Innings,"India vs England, 1st Test at Hyderabad, Jan 25 2024, England tour of India"
Joe Root,19,3,41,1,2.15,0,0,India 2nd Innings,"India vs England, 1st Test at Hyderabad, Jan 25 2024, England tour of India"
Mark Wood,8,1,15,0,1.87,0,0,India 2nd Innings,"India vs England, 1st Test at Hyderabad, Jan 25 2024, England tour of India"
Tom Hartley,26.2,5,62,7,2.35,0,1,India 2nd Innings,"India vs England, 1st Test at Hyderabad, Jan 25 2024, England tour of India"
Jack Leach,10,1,33,1,3.30,1,0,India 2nd Innings,"India vs England, 1st Test at Hyderabad, Jan 25 2024, England tour of India"
Rehan Ahmed,6,0,33,0,5.50,0,0,India 2nd Innings,"India vs England, 1st Test at Hyderabad, Jan 25 2024, England tour of India"
Mitchell Starc,12,5,37,1,3.08,1,0,West Indies 1st Innings,"Australia vs West Indies, 1st Test at Adelaide, Jan 17 2024, West Indies tour of Australia"
Josh Hazlewood,15,6,44,4,2.93,0,0,West Indies 1st Innings,"Australia vs West Indies, 1st Test at Adelaide, Jan 17 2024, West Indies tour of Australia"
Pat Cummins,17,5,41,4,2.41,0,0,West Indies 1st Innings,"Australia vs West Indies, 1st Test at Adelaide, Jan 17 2024, West Indies tour of Australia"
Nathan Lyon,12.1,2,36,1,2.95,0,0,West Indies 1st Innings,"Australia vs West Indies, 1st Test at Adelaide, Jan 17 2024, West Indies tour of Australia"
Mitchell Marsh,2,1,5,0,2.50,1,0,West Indies 1st Innings,"Australia vs West Indies, 1st Test at Adelaide, Jan 17 2024, West Indies tour of Australia"
Cameron Green,4,1,12,0,3.00,0,0,West Indies 1st Innings,"Australia vs West Indies, 1st Test at Adelaide, Jan 17 2024, West Indies tour of Australia"
Kemar Roach,16.1,5,48,2,2.96,0,0,Australia 1st Innings,"Australia vs West Indies, 1st Test at Adelaide, Jan 17 2024, West Indies tour of Australia"
Alzarri Joseph,18,2,55,1,3.05,0,4,Australia 1st Innings,"Australia vs West Indies, 1st Test at Adelaide, Jan 17 2024, West Indies tour of Australia"
Shamar Joseph,20,2,94,5,4.70,0,5,Australia 1st Innings,"Australia vs West Indies, 1st Test at Adelaide, Jan 17 2024, West Indies tour of Australia"
Gudakesh Motie,12,1,42,0,3.50,0,0,Australia 1st Innings,"Australia vs West Indies, 1st Test at Adelaide, Jan 17 2024, West Indies tour of Australia"
Justin Greaves,15,3,36,2,2.40,0,0,Australia 1st Innings,"Australia vs West Indies, 1st Test at Adelaide, Jan 17 2024, West Indies tour of Australia"
Mitchell Starc,10,2,46,2,4.60,0,0,West Indies 2nd Innings,"Australia vs West Indies, 1st Test at Adelaide, Jan 17 2024, West Indies tour of Australia"
Josh Hazlewood,14,6,35,5,2.50,0,1,West Indies 2nd Innings,"Australia vs West Indies, 1st Test at Adelaide, Jan 17 2024, West Indies tour of Australia"
Pat Cummins,5,1,25,0,5.00,0,1,West Indies 2nd Innings,"Australia vs West Indies, 1st Test at Adelaide, Jan 17 2024, West Indies tour of Australia"
Cameron Green,3,0,9,1,3.00,0,0,West Indies 2nd Innings,"Australia vs West Indies, 1st Test at Adelaide, Jan 17 2024, West Indies tour of Australia"
Nathan Lyon,3.2,0,4,2,1.20,0,0,West Indies 2nd Innings,"Australia vs West Indies, 1st Test at Adelaide, Jan 17 2024, West Indies tour of Australia"
Kemar Roach,2,0,6,0,3.00,0,1,Australia 2nd Innings,"Australia vs West Indies, 1st Test at Adelaide, Jan 17 2024, West Indies tour of Australia"
Alzarri Joseph,3,0,12,0,4.00,0,2,Australia 2nd Innings,"Australia vs West Indies, 1st Test at Adelaide, Jan 17 2024, West Indies tour of Australia"
Shamar Joseph,1.4,0,7,0,4.20,0,1,Australia 2nd Innings,"Australia vs West Indies, 1st Test at Adelaide, Jan 17 2024, West Indies tour of Australia"
Jasprit Bumrah,8,1,25,2,3.12,0,0,South Africa 1st Innings,"South Africa vs India, 2nd Test at Cape Town, Jan 03 2024, India tour of South Africa"
Mohammed Siraj,9,3,15,6,1.66,0,0,South Africa 1st Innings,"South Africa vs India, 2nd Test at Cape Town, Jan 03 2024, India tour of South Africa"
Prasidh Krishna,4,1,10,0,2.50,0,0,South Africa 1st Innings,"South Africa vs India, 2nd Test at Cape Town, Jan 03 2024, India tour of South Africa"
Mukesh Kumar,2.2,2,0,2,0.00,0,0,South Africa 1st Innings,"South Africa vs India, 2nd Test at Cape Town, Jan 03 2024, India tour of South Africa"
Kagiso Rabada,11.5,2,38,3,3.21,1,0,India 1st Innings,"South Africa vs India, 2nd Test at Cape Town, Jan 03 2024, India tour of South Africa"
Lungi Ngidi,6,1,30,3,5.00,0,3,India 1st Innings,"South Africa vs India, 2nd Test at Cape Town, Jan 03 2024, India tour of South Africa"
Nandre Burger,8,2,42,3,5.25,0,0,India 1st Innings,"South Africa vs India, 2nd Test at Cape Town, Jan 03 2024, India tour of South Africa"
Marco Jansen,9,2,29,0,3.22,0,2,India 1st Innings,"South Africa vs India, 2nd Test at Cape Town, Jan 03 2024, India tour of South Africa"
Jasprit Bumrah,13.5,0,61,6,4.40,0,1,South Africa 2nd Innings,"South Africa vs India, 2nd Test at Cape Town, Jan 03 2024, India tour of South Africa"
Mohammed Siraj,9,3,31,1,3.44,0,0,South Africa 2nd Innings,"South Africa vs India, 2nd Test at Cape Town, Jan 03 2024, India tour of South Africa"
Mukesh Kumar,10,2,56,2,5.60,0,4,South Africa 2nd Innings,"South Africa vs India, 2nd Test at Cape Town, Jan 03 2024, India tour of South Africa"
Prasidh Krishna,4,1,27,1,6.75,0,0,South Africa 2nd Innings,"South Africa vs India, 2nd Test at Cape Town, Jan 03 2024, India tour of South Africa"
Kagiso Rabada,6,0,33,1,5.50,0,0,India 2nd Innings,"South Africa vs India, 2nd Test at Cape Town, Jan 03 2024, India tour of South Africa"
Nandre Burger,4,0,29,1,7.25,1,0,India 2nd Innings,"South Africa vs India, 2nd Test at Cape Town, Jan 03 2024, India tour of South Africa"
Marco Jansen,2,0,15,1,7.50,1,1,India 2nd Innings,"South Africa vs India, 2nd Test at Cape Town, Jan 03 2024, India tour of South Africa"
Mitchell Starc,16,2,75,2,4.68,0,0,Pakistan 1st Innings,"Australia vs Pakistan, 3rd Test at Sydney, Jan 03 2024, Pakistan tour of Australia"
Josh Hazlewood,15,2,65,1,4.33,0,0,Pakistan 1st Innings,"Australia vs Pakistan, 3rd Test at Sydney, Jan 03 2024, Pakistan tour of Australia"
Pat Cummins,18,1,61,5,3.38,0,0,Pakistan 1st Innings,"Australia vs Pakistan, 3rd Test at Sydney, Jan 03 2024, Pakistan tour of Australia"
Nathan Lyon,17.1,0,74,1,4.31,0,0,Pakistan 1st Innings,"Australia vs Pakistan, 3rd Test at Sydney, Jan 03 2024, Pakistan tour of Australia"
Mitchell Marsh,7,1,27,1,3.85,0,1,Pakistan 1st Innings,"Australia vs Pakistan, 3rd Test at Sydney, Jan 03 2024, Pakistan tour of Australia"
Marnus Labuschagne,3,1,9,0,3.00,0,0,Pakistan 1st Innings,"Australia vs Pakistan, 3rd Test at Sydney, Jan 03 2024, Pakistan tour of Australia"
Travis Head,1,0,1,0,1.00,0,0,Pakistan 1st Innings,"Australia vs Pakistan, 3rd Test at Sydney, Jan 03 2024, Pakistan tour of Australia"
Sajid Khan,26,5,73,1,2.80,0,0,Australia 1st Innings,"Australia vs Pakistan, 3rd Test at Sydney, Jan 03 2024, Pakistan tour of Australia"
Mir Hamza,21,9,53,1,2.52,1,0,Australia 1st Innings,"Australia vs Pakistan, 3rd Test at Sydney, Jan 03 2024, Pakistan tour of Australia"
Hasan Ali,21,6,53,0,2.52,0,0,Australia 1st Innings,"Australia vs Pakistan, 3rd Test at Sydney, Jan 03 2024, Pakistan tour of Australia"
Aamer Jamal,21.4,2,69,6,3.18,1,2,Australia 1st Innings,"Australia vs Pakistan, 3rd Test at Sydney, Jan 03 2024, Pakistan tour of Australia"
Agha Salman,20,3,43,2,2.15,0,0,Australia 1st Innings,"Australia vs Pakistan, 3rd Test at Sydney, Jan 03 2024, Pakistan tour of Australia"
Mitchell Starc,4,1,15,1,3.75,0,0,Pakistan 2nd Innings,"Australia vs Pakistan, 3rd Test at Sydney, Jan 03 2024, Pakistan tour of Australia"
Josh Hazlewood,9,2,16,4,1.77,0,0,Pakistan 2nd Innings,"Australia vs Pakistan, 3rd Test at Sydney, Jan 03 2024, Pakistan tour of Australia"
Pat Cummins,7,0,24,1,3.42,0,0,Pakistan 2nd Innings,"Australia vs Pakistan, 3rd Test at Sydney, Jan 03 2024, Pakistan tour of Australia"
Nathan Lyon,17.1,2,36,3,2.09,0,0,Pakistan 2nd Innings,"Australia vs Pakistan, 3rd Test at Sydney, Jan 03 2024, Pakistan tour of Australia"
Travis Head,6,1,19,1,3.16,0,0,Pakistan 2nd Innings,"Australia vs Pakistan, 3rd Test at Sydney, Jan 03 2024, Pakistan tour of Australia"
Sajid Khan,11,1,49,2,4.45,0,0,Australia 2nd Innings,"Australia vs Pakistan, 3rd Test at Sydney, Jan 03 2024, Pakistan tour of Australia"
Mir Hamza,2,0,9,0,4.50,0,0,Australia 2nd Innings,"Australia vs Pakistan, 3rd Test at Sydney, Jan 03 2024, Pakistan tour of Australia"
Hasan Ali,4,0,15,0,3.75,0,0,Australia 2nd Innings,"Australia vs Pakistan, 3rd Test at Sydney, Jan 03 2024, Pakistan tour of Australia"
Agha Salman,5,0,28,0,5.60,0,0,Australia 2nd Innings,"Australia vs Pakistan, 3rd Test at Sydney, Jan 03 2024, Pakistan tour of Australia"
Aamer Jamal,3.5,0,22,0,5.73,0,0,Australia 2nd Innings,"Australia vs Pakistan, 3rd Test at Sydney, Jan 03 2024, Pakistan tour of Australia"
Kagiso Rabada,20,4,59,5,2.95,0,1,India 1st Innings,"South Africa vs India, 1st Test at Centurion, Dec 26 2023, India tour of South Africa"
Marco Jansen,16,2,52,1,3.25,0,0,India 1st Innings,"South Africa vs India, 1st Test at Centurion, Dec 26 2023, India tour of South Africa"
Nandre Burger,15.4,4,50,3,3.19,1,0,India 1st Innings,"South Africa vs India, 1st Test at Centurion, Dec 26 2023, India tour of South Africa"
Gerald Coetzee,16,1,74,1,4.62,1,0,India 1st Innings,"South Africa vs India, 1st Test at Centurion, Dec 26 2023, India tour of South Africa"
Jasprit Bumrah,26.4,5,69,4,2.58,0,0,South Africa 1st Innings,"South Africa vs India, 1st Test at Centurion, Dec 26 2023, India tour of South Africa"
Mohammed Siraj,24,1,91,2,3.79,1,3,South Africa 1st Innings,"South Africa vs India, 1st Test at Centurion, Dec 26 2023, India tour of South Africa"
Shardul Thakur,19,2,101,1,5.31,0,5,South Africa 1st Innings,"South Africa vs India, 1st Test at Centurion, Dec 26 2023, India tour of South Africa"
Prasidh Krishna,20,2,93,1,4.65,1,1,South Africa 1st Innings,"South Africa vs India, 1st Test at Centurion, Dec 26 2023, India tour of South Africa"
Ravichandran Ashwin,19,6,41,1,2.15,0,0,South Africa 1st Innings,"South Africa vs India, 1st Test at Centurion, Dec 26 2023, India tour of South Africa"
Kagiso Rabada,12,3,32,2,2.66,1,0,India 2nd Innings,"South Africa vs India, 1st Test at Centurion, Dec 26 2023, India tour of South Africa"
Nandre Burger,10,3,33,4,3.30,1,0,India 2nd Innings,"South Africa vs India, 1st Test at Centurion, Dec 26 2023, India tour of South Africa"
Marco Jansen,7.1,1,36,3,5.02,0,0,India 2nd Innings,"South Africa vs India, 1st Test at Centurion, Dec 26 2023, India tour of South Africa"
Gerald Coetzee,5,0,28,0,5.60,0,0,India 2nd Innings,"South Africa vs India, 1st Test at Centurion, Dec 26 2023, India tour of South Africa"
Shaheen Shah Afridi,27,5,85,2,3.14,1,1,Australia 1st Innings,"Australia vs Pakistan, 2nd Test at Melbourne, Dec 26 2023, Pakistan tour of Australia"
Mir Hamza,22,5,51,2,2.31,1,0,Australia 1st Innings,"Australia vs Pakistan, 2nd Test at Melbourne, Dec 26 2023, Pakistan tour of Australia"
Hasan Ali,23.5,7,61,2,2.55,0,1,Australia 1st Innings,"Australia vs Pakistan, 2nd Test at Melbourne, Dec 26 2023, Pakistan tour of Australia"
Aamer Jamal,19,1,64,3,3.36,5,0,Australia 1st Innings,"Australia vs Pakistan, 2nd Test at Melbourne, Dec 26 2023, Pakistan tour of Australia"
Agha Salman,5,0,22,1,4.40,0,0,Australia 1st Innings,"Australia vs Pakistan, 2nd Test at Melbourne, Dec 26 2023, Pakistan tour of Australia"
Mitchell Starc,16,3,69,0,4.31,1,1,Pakistan 1st Innings,"Australia vs Pakistan, 2nd Test at Melbourne, Dec 26 2023, Pakistan tour of Australia"
Josh Hazlewood,16,5,43,1,2.68,0,1,Pakistan 1st Innings,"Australia vs Pakistan, 2nd Test at Melbourne, Dec 26 2023, Pakistan tour of Australia"
Pat Cummins,20,1,48,5,2.40,0,0,Pakistan 1st Innings,"Australia vs Pakistan, 2nd Test at Melbourne, Dec 26 2023, Pakistan tour of Australia"
Nathan Lyon,18.5,2,73,4,3.87,0,0,Pakistan 1st Innings,"Australia vs Pakistan, 2nd Test at Melbourne, Dec 26 2023, Pakistan tour of Australia"
Mitchell Marsh,3,0,16,0,5.33,0,1,Pakistan 1st Innings,"Australia vs Pakistan, 2nd Test at Melbourne, Dec 26 2023, Pakistan tour of Australia"
Shaheen Shah Afridi,27,4,76,4,2.81,0,0,Australia 2nd Innings,"Australia vs Pakistan, 2nd Test at Melbourne, Dec 26 2023, Pakistan tour of Australia"
Mir Hamza,18.1,6,32,4,1.76,0,0,Australia 2nd Innings,"Australia vs Pakistan, 2nd Test at Melbourne, Dec 26 2023, Pakistan tour of Australia"
Hasan Ali,17,2,53,0,3.11,1,0,Australia 2nd Innings,"Australia vs Pakistan, 2nd Test at Melbourne, Dec 26 2023, Pakistan tour of Australia"
Aamer Jamal,16,2,74,2,4.62,0,0,Australia 2nd Innings,"Australia vs Pakistan, 2nd Test at Melbourne, Dec 26 2023, Pakistan tour of Australia"
Agha Salman,6,1,16,0,2.66,0,0,Australia 2nd Innings,"Australia vs Pakistan, 2nd Test at Melbourne, Dec 26 2023, Pakistan tour of Australia"
Mitchell Starc,13.2,1,55,4,4.12,0,0,Pakistan 2nd Innings,"Australia vs Pakistan, 2nd Test at Melbourne, Dec 26 2023, Pakistan tour of Australia"
Josh Hazlewood,15,7,34,1,2.26,1,0,Pakistan 2nd Innings,"Australia vs Pakistan, 2nd Test at Melbourne, Dec 26 2023, Pakistan tour of Australia"
Nathan Lyon,19,1,84,0,4.42,0,0,Pakistan 2nd Innings,"Australia vs Pakistan, 2nd Test at Melbourne, Dec 26 2023, Pakistan tour of Australia"
Pat Cummins,18,2,49,5,2.72,0,0,Pakistan 2nd Innings,"Australia vs Pakistan, 2nd Test at Melbourne, Dec 26 2023, Pakistan tour of Australia"
Mitchell Marsh,2,0,8,0,4.00,0,1,Pakistan 2nd Innings,"Australia vs Pakistan, 2nd Test at Melbourne, Dec 26 2023, Pakistan tour of Australia"
Shaheen Shah Afridi,27,7,96,1,3.55,0,2,Australia 1st Innings,"Australia vs Pakistan, 1st Test at Perth, Dec 14 2023, Pakistan tour of Australia"
Khurram Shahzad,22,5,83,2,3.77,0,3,Australia 1st Innings,"Australia vs Pakistan, 1st Test at Perth, Dec 14 2023, Pakistan tour of Australia"
Aamer Jamal,20.2,1,111,6,5.45,5,3,Australia 1st Innings,"Australia vs Pakistan, 1st Test at Perth, Dec 14 2023, Pakistan tour of Australia"
Faheem Ashraf,17,1,93,1,5.47,1,1,Australia 1st Innings,"Australia vs Pakistan, 1st Test at Perth, Dec 14 2023, Pakistan tour of Australia"
Agha Salman,27,3,86,0,3.18,0,0,Australia 1st Innings,"Australia vs Pakistan, 1st Test at Perth, Dec 14 2023, Pakistan tour of Australia"
Mitchell Starc,25,5,68,2,2.72,2,0,Pakistan 1st Innings,"Australia vs Pakistan, 1st Test at Perth, Dec 14 2023, Pakistan tour of Australia"
Josh Hazlewood,22,7,49,1,2.22,0,0,Pakistan 1st Innings,"Australia vs Pakistan, 1st Test at Perth, Dec 14 2023, Pakistan tour of Australia"
Pat Cummins,20,7,35,2,1.75,2,0,Pakistan 1st Innings,"Australia vs Pakistan, 1st Test at Perth, Dec 14 2023, Pakistan tour of Australia"
Nathan Lyon,24,3,66,3,2.75,0,0,Pakistan 1st Innings,"Australia vs Pakistan, 1st Test at Perth, Dec 14 2023, Pakistan tour of Australia"
Mitchell Marsh,9,0,34,1,3.77,0,0,Pakistan 1st Innings,"Australia vs Pakistan, 1st Test at Perth, Dec 14 2023, Pakistan tour of Australia"
Travis Head,1.5,0,4,1,2.18,0,0,Pakistan 1st Innings,"Australia vs Pakistan, 1st Test at Perth, Dec 14 2023, Pakistan tour of Australia"
Shaheen Shah Afridi,18.2,4,76,1,4.14,0,1,Australia 2nd Innings,"Australia vs Pakistan, 1st Test at Perth, Dec 14 2023, Pakistan tour of Australia"
Khurram Shahzad,16,4,45,3,2.81,0,4,Australia 2nd Innings,"Australia vs Pakistan, 1st Test at Perth, Dec 14 2023, Pakistan tour of Australia"
Aamer Jamal,9,0,28,1,3.11,1,0,Australia 2nd Innings,"Australia vs Pakistan, 1st Test at Perth, Dec 14 2023, Pakistan tour of Australia"
Faheem Ashraf,7,0,37,0,5.28,0,2,Australia 2nd Innings,"Australia vs Pakistan, 1st Test at Perth, Dec 14 2023, Pakistan tour of Australia"
Agha Salman,13,1,36,0,2.76,0,0,Australia 2nd Innings,"Australia vs Pakistan, 1st Test at Perth, Dec 14 2023, Pakistan tour of Australia"
Mitchell Starc,9,2,31,3,3.44,0,0,Pakistan 2nd Innings,"Australia vs Pakistan, 1st Test at Perth, Dec 14 2023, Pakistan tour of Australia"
Josh Hazlewood,7.2,2,13,3,1.77,0,0,Pakistan 2nd Innings,"Australia vs Pakistan, 1st Test at Perth, Dec 14 2023, Pakistan tour of Australia"
Pat Cummins,6,1,11,1,1.83,0,0,Pakistan 2nd Innings,"Australia vs Pakistan, 1st Test at Perth, Dec 14 2023, Pakistan tour of Australia"
Nathan Lyon,8,2,14,2,1.75,0,0,Pakistan 2nd Innings,"Australia vs Pakistan, 1st Test at Perth, Dec 14 2023, Pakistan tour of Australia"
Tim Southee,5.2,5,0,1,0.00,0,0,Bangladesh 1st Innings,"Bangladesh vs New Zealand, 2nd Test at Dhaka, Dec 06 2023, New Zealand tour of Bangladesh"
Kyle Jamieson,4,2,8,0,2.00,0,0,Bangladesh 1st Innings,"Bangladesh vs New Zealand, 2nd Test at Dhaka, Dec 06 2023, New Zealand tour of Bangladesh"
Ajaz Patel,17,6,54,2,3.17,0,0,Bangladesh 1st Innings,"Bangladesh vs New Zealand, 2nd Test at Dhaka, Dec 06 2023, New Zealand tour of Bangladesh"
Mitchell Santner,28,7,65,3,2.32,0,0,Bangladesh 1st Innings,"Bangladesh vs New Zealand, 2nd Test at Dhaka, Dec 06 2023, New Zealand tour of Bangladesh"
Glenn Phillips,12,1,31,3,2.58,0,0,Bangladesh 1st Innings,"Bangladesh vs New Zealand, 2nd Test at Dhaka, Dec 06 2023, New Zealand tour of Bangladesh"
Shoriful Islam,4,1,15,2,3.75,1,0,New Zealand 1st Innings,"Bangladesh vs New Zealand, 2nd Test at Dhaka, Dec 06 2023, New Zealand tour of Bangladesh"
Mehidy Hasan Miraz,11,1,53,3,4.81,0,0,New Zealand 1st Innings,"Bangladesh vs New Zealand, 2nd Test at Dhaka, Dec 06 2023, New Zealand tour of Bangladesh"
Taijul Islam,16.1,0,64,3,3.95,0,0,New Zealand 1st Innings,"Bangladesh vs New Zealand, 2nd Test at Dhaka, Dec 06 2023, New Zealand tour of Bangladesh"
Nayeem Hasan,4,0,21,2,5.25,0,0,New Zealand 1st Innings,"Bangladesh vs New Zealand, 2nd Test at Dhaka, Dec 06 2023, New Zealand tour of Bangladesh"
Mominul Haque,2,0,17,0,8.50,0,0,New Zealand 1st Innings,"Bangladesh vs New Zealand, 2nd Test at Dhaka, Dec 06 2023, New Zealand tour of Bangladesh"
Ajaz Patel,18,1,57,6,3.16,0,0,Bangladesh 2nd Innings,"Bangladesh vs New Zealand, 2nd Test at Dhaka, Dec 06 2023, New Zealand tour of Bangladesh"
Mitchell Santner,11,0,51,3,4.63,0,0,Bangladesh 2nd Innings,"Bangladesh vs New Zealand, 2nd Test at Dhaka, Dec 06 2023, New Zealand tour of Bangladesh"
Tim Southee,6,1,25,1,4.16,0,0,Bangladesh 2nd Innings,"Bangladesh vs New Zealand, 2nd Test at Dhaka, Dec 06 2023, New Zealand tour of Bangladesh"
Shoriful Islam,5,2,9,1,1.80,0,0,New Zealand 2nd Innings,"Bangladesh vs New Zealand, 2nd Test at Dhaka, Dec 06 2023, New Zealand tour of Bangladesh"
Mehidy Hasan Miraz,16.4,2,52,3,3.12,0,0,New Zealand 2nd Innings,"Bangladesh vs New Zealand, 2nd Test at Dhaka, Dec 06 2023, New Zealand tour of Bangladesh"
Taijul Islam,14,2,58,2,4.14,0,0,New Zealand 2nd Innings,"Bangladesh vs New Zealand, 2nd Test at Dhaka, Dec 06 2023, New Zealand tour of Bangladesh"
Nayeem Hasan,3,0,15,0,5.00,0,0,New Zealand 2nd Innings,"Bangladesh vs New Zealand, 2nd Test at Dhaka, Dec 06 2023, New Zealand tour of Bangladesh"
Mominul Haque,1,0,4,0,4.00,0,0,New Zealand 2nd Innings,"Bangladesh vs New Zealand, 2nd Test at Dhaka, Dec 06 2023, New Zealand tour of Bangladesh"
Tim Southee,14.1,2,43,1,3.03,1,0,Bangladesh 1st Innings,"Bangladesh vs New Zealand, 1st Test at Sylhet, Nov 28 2023, New Zealand tour of Bangladesh"
Kyle Jamieson,17,5,52,2,3.05,0,0,Bangladesh 1st Innings,"Bangladesh vs New Zealand, 1st Test at Sylhet, Nov 28 2023, New Zealand tour of Bangladesh"
Ajaz Patel,24,1,76,2,3.16,0,0,Bangladesh 1st Innings,"Bangladesh vs New Zealand, 1st Test at Sylhet, Nov 28 2023, New Zealand tour of Bangladesh"
Ish Sodhi,14,1,71,1,5.07,0,0,Bangladesh 1st Innings,"Bangladesh vs New Zealand, 1st Test at Sylhet, Nov 28 2023, New Zealand tour of Bangladesh"
Glenn Phillips,16,1,53,4,3.31,0,0,Bangladesh 1st Innings,"Bangladesh vs New Zealand, 1st Test at Sylhet, Nov 28 2023, New Zealand tour of Bangladesh"
Shoriful Islam,13,2,54,1,4.15,0,0,New Zealand 1st Innings,"Bangladesh vs New Zealand, 1st Test at Sylhet, Nov 28 2023, New Zealand tour of Bangladesh"
Mehidy Hasan Miraz,22,3,64,1,2.90,0,0,New Zealand 1st Innings,"Bangladesh vs New Zealand, 1st Test at Sylhet, Nov 28 2023, New Zealand tour of Bangladesh"
Taijul Islam,39,9,109,4,2.79,0,0,New Zealand 1st Innings,"Bangladesh vs New Zealand, 1st Test at Sylhet, Nov 28 2023, New Zealand tour of Bangladesh"
Nayeem Hasan,24,3,73,1,3.04,0,0,New Zealand 1st Innings,"Bangladesh vs New Zealand, 1st Test at Sylhet, Nov 28 2023, New Zealand tour of Bangladesh"
Mominul Haque,3.5,1,4,3,1.04,0,0,New Zealand 1st Innings,"Bangladesh vs New Zealand, 1st Test at Sylhet, Nov 28 2023, New Zealand tour of Bangladesh"
Tim Southee,15,3,33,1,2.20,0,0,Bangladesh 2nd Innings,"Bangladesh vs New Zealand, 1st Test at Sylhet, Nov 28 2023, New Zealand tour of Bangladesh"
Kyle Jamieson,13,3,25,0,1.92,0,0,Bangladesh 2nd Innings,"Bangladesh vs New Zealand, 1st Test at Sylhet, Nov 28 2023, New Zealand tour of Bangladesh"
Ajaz Patel,36.4,1,148,4,4.03,0,0,Bangladesh 2nd Innings,"Bangladesh vs New Zealand, 1st Test at Sylhet, Nov 28 2023, New Zealand tour of Bangladesh"
Glenn Phillips,16,4,47,1,2.93,0,0,Bangladesh 2nd Innings,"Bangladesh vs New Zealand, 1st Test at Sylhet, Nov 28 2023, New Zealand tour of Bangladesh"
Ish Sodhi,19,2,74,2,3.89,0,0,Bangladesh 2nd Innings,"Bangladesh vs New Zealand, 1st Test at Sylhet, Nov 28 2023, New Zealand tour of Bangladesh"
Daryl Mitchell,1,0,2,0,2.00,0,0,Bangladesh 2nd Innings,"Bangladesh vs New Zealand, 1st Test at Sylhet, Nov 28 2023, New Zealand tour of Bangladesh"
Shoriful Islam,6,2,13,1,2.16,0,0,New Zealand 2nd Innings,"Bangladesh vs New Zealand, 1st Test at Sylhet, Nov 28 2023, New Zealand tour of Bangladesh"
Mehidy Hasan Miraz,15,4,44,1,2.93,0,0,New Zealand 2nd Innings,"Bangladesh vs New Zealand, 1st Test at Sylhet, Nov 28 2023, New Zealand tour of Bangladesh"
Taijul Islam,31.1,8,75,6,2.40,0,1,New Zealand 2nd Innings,"Bangladesh vs New Zealand, 1st Test at Sylhet, Nov 28 2023, New Zealand tour of Bangladesh"
Nayeem Hasan,17,3,40,2,2.35,0,0,New Zealand 2nd Innings,"Bangladesh vs New Zealand, 1st Test at Sylhet, Nov 28 2023, New Zealand tour of Bangladesh"
Mominul Haque,2,0,5,0,2.50,0,0,New Zealand 2nd Innings,"Bangladesh vs New Zealand, 1st Test at Sylhet, Nov 28 2023, New Zealand tour of Bangladesh"
Mitchell Starc,14.4,1,82,4,5.59,0,0,England 1st Innings,"England vs Australia, 5th Test at London, Jul 27 2023, The Ashes"
Josh Hazlewood,13,0,54,2,4.15,0,0,England 1st Innings,"England vs Australia, 5th Test at London, Jul 27 2023, The Ashes"
Pat Cummins,13,2,66,1,5.07,0,0,England 1st Innings,"England vs Australia, 5th Test at London, Jul 27 2023, The Ashes"
Mitchell Marsh,8,0,43,1,5.37,0,2,England 1st Innings,"England vs Australia, 5th Test at London, Jul 27 2023, The Ashes"
Todd Murphy,6,0,22,2,3.66,0,0,England 1st Innings,"England vs Australia, 5th Test at London, Jul 27 2023, The Ashes"
Stuart Broad,20,5,49,2,2.45,0,0,Australia 1st Innings,"England vs Australia, 5th Test at London, Jul 27 2023, The Ashes"
James Anderson,26,9,67,1,2.57,0,1,Australia 1st Innings,"England vs Australia, 5th Test at London, Jul 27 2023, The Ashes"
Mark Wood,22,4,62,2,2.81,1,0,Australia 1st Innings,"England vs Australia, 5th Test at London, Jul 27 2023, The Ashes"
Chris Woakes,25,8,61,3,2.44,0,0,Australia 1st Innings,"England vs Australia, 5th Test at London, Jul 27 2023, The Ashes"
Joe Root,7.1,1,20,2,2.79,0,0,Australia 1st Innings,"England vs Australia, 5th Test at London, Jul 27 2023, The Ashes"
Harry Brook,3,1,7,0,2.33,0,0,Australia 1st Innings,"England vs Australia, 5th Test at London, Jul 27 2023, The Ashes"
Mitchell Starc,20,2,100,4,5.00,0,0,England 2nd Innings,"England vs Australia, 5th Test at London, Jul 27 2023, The Ashes"
Josh Hazlewood,15,0,67,1,4.46,0,1,England 2nd Innings,"England vs Australia, 5th Test at London, Jul 27 2023, The Ashes"
Pat Cummins,16,0,79,1,4.93,0,1,England 2nd Innings,"England vs Australia, 5th Test at London, Jul 27 2023, The Ashes"
Mitchell Marsh,8,0,35,0,4.37,0,1,England 2nd Innings,"England vs Australia, 5th Test at London, Jul 27 2023, The Ashes"
Todd Murphy,22.5,0,110,4,4.81,0,0,England 2nd Innings,"England vs Australia, 5th Test at London, Jul 27 2023, The Ashes"
Stuart Broad,20.4,4,62,2,3.00,0,0,Australia 2nd Innings,"England vs Australia, 5th Test at London, Jul 27 2023, The Ashes"
James Anderson,14,4,53,0,3.78,0,1,Australia 2nd Innings,"England vs Australia, 5th Test at London, Jul 27 2023, The Ashes"
Chris Woakes,19,4,50,4,2.63,0,1,Australia 2nd Innings,"England vs Australia, 5th Test at London, Jul 27 2023, The Ashes"
Moeen Ali,23,2,76,3,3.30,0,0,Australia 2nd Innings,"England vs Australia, 5th Test at London, Jul 27 2023, The Ashes"
Joe Root,9,0,39,0,4.33,0,0,Australia 2nd Innings,"England vs Australia, 5th Test at London, Jul 27 2023, The Ashes"
Mark Wood,9,0,34,1,3.77,1,0,Australia 2nd Innings,"England vs Australia, 5th Test at London, Jul 27 2023, The Ashes"
Shaheen Shah Afridi,11,1,44,1,4.00,0,0,Sri Lanka 1st Innings,"Sri Lanka vs Pakistan, 2nd Test at Colombo, Jul 24 2023, Pakistan tour of Sri Lanka"
Naseem Shah,14,3,41,3,2.92,0,0,Sri Lanka 1st Innings,"Sri Lanka vs Pakistan, 2nd Test at Colombo, Jul 24 2023, Pakistan tour of Sri Lanka"
Abrar Ahmed,20.4,3,69,4,3.33,0,0,Sri Lanka 1st Innings,"Sri Lanka vs Pakistan, 2nd Test at Colombo, Jul 24 2023, Pakistan tour of Sri Lanka"
Noman Ali,3,1,10,0,3.33,0,1,Sri Lanka 1st Innings,"Sri Lanka vs Pakistan, 2nd Test at Colombo, Jul 24 2023, Pakistan tour of Sri Lanka"
Asitha Fernando,25,1,133,3,5.32,3,1,Pakistan 1st Innings,"Sri Lanka vs Pakistan, 2nd Test at Colombo, Jul 24 2023, Pakistan tour of Sri Lanka"
Dilshan Madushanka,17,3,77,0,4.52,0,0,Pakistan 1st Innings,"Sri Lanka vs Pakistan, 2nd Test at Colombo, Jul 24 2023, Pakistan tour of Sri Lanka"
Ramesh Mendis,36,2,139,0,3.86,0,1,Pakistan 1st Innings,"Sri Lanka vs Pakistan, 2nd Test at Colombo, Jul 24 2023, Pakistan tour of Sri Lanka"
Prabath Jayasuriya,53,11,194,2,3.66,0,1,Pakistan 1st Innings,"Sri Lanka vs Pakistan, 2nd Test at Colombo, Jul 24 2023, Pakistan tour of Sri Lanka"
Dhananjaya de Silva,3,1,13,0,4.33,0,0,Pakistan 1st Innings,"Sri Lanka vs Pakistan, 2nd Test at Colombo, Jul 24 2023, Pakistan tour of Sri Lanka"
Shaheen Shah Afridi,12,5,30,0,2.50,0,0,Sri Lanka 2nd Innings,"Sri Lanka vs Pakistan, 2nd Test at Colombo, Jul 24 2023, Pakistan tour of Sri Lanka"
Naseem Shah,17.4,5,44,3,2.49,0,0,Sri Lanka 2nd Innings,"Sri Lanka vs Pakistan, 2nd Test at Colombo, Jul 24 2023, Pakistan tour of Sri Lanka"
Abrar Ahmed,10,1,34,0,3.40,1,0,Sri Lanka 2nd Innings,"Sri Lanka vs Pakistan, 2nd Test at Colombo, Jul 24 2023, Pakistan tour of Sri Lanka"
Noman Ali,23,8,70,7,3.04,0,0,Sri Lanka 2nd Innings,"Sri Lanka vs Pakistan, 2nd Test at Colombo, Jul 24 2023, Pakistan tour of Sri Lanka"
Agha Salman,5,1,6,0,1.20,0,0,Sri Lanka 2nd Innings,"Sri Lanka vs Pakistan, 2nd Test at Colombo, Jul 24 2023, Pakistan tour of Sri Lanka"
Shaheen Shah Afridi,24,3,86,3,3.58,0,1,Sri Lanka 1st Innings,"Sri Lanka vs Pakistan, 1st Test at Galle, Jul 16 2023, Pakistan tour of Sri Lanka"
Naseem Shah,22,2,90,3,4.09,0,0,Sri Lanka 1st Innings,"Sri Lanka vs Pakistan, 1st Test at Galle, Jul 16 2023, Pakistan tour of Sri Lanka"
Abrar Ahmed,31.2,9,68,3,2.17,0,0,Sri Lanka 1st Innings,"Sri Lanka vs Pakistan, 1st Test at Galle, Jul 16 2023, Pakistan tour of Sri Lanka"
Agha Salman,5,1,18,1,3.60,0,0,Sri Lanka 1st Innings,"Sri Lanka vs Pakistan, 1st Test at Galle, Jul 16 2023, Pakistan tour of Sri Lanka"
Noman Ali,13,2,45,0,3.46,0,0,Sri Lanka 1st Innings,"Sri Lanka vs Pakistan, 1st Test at Galle, Jul 16 2023, Pakistan tour of Sri Lanka"
Vishwa Fernando,18,1,69,1,3.83,3,0,Pakistan 1st Innings,"Sri Lanka vs Pakistan, 1st Test at Galle, Jul 16 2023, Pakistan tour of Sri Lanka"
Kasun Rajitha,19,1,77,1,4.05,1,6,Pakistan 1st Innings,"Sri Lanka vs Pakistan, 1st Test at Galle, Jul 16 2023, Pakistan tour of Sri Lanka"
Prabath Jayasuriya,35,3,145,3,4.14,0,0,Pakistan 1st Innings,"Sri Lanka vs Pakistan, 1st Test at Galle, Jul 16 2023, Pakistan tour of Sri Lanka"
Ramesh Mendis,42.2,2,136,5,3.21,0,0,Pakistan 1st Innings,"Sri Lanka vs Pakistan, 1st Test at Galle, Jul 16 2023, Pakistan tour of Sri Lanka"
Dhananjaya de Silva,7,1,17,0,2.42,0,0,Pakistan 1st Innings,"Sri Lanka vs Pakistan, 1st Test at Galle, Jul 16 2023, Pakistan tour of Sri Lanka"
Shaheen Shah Afridi,13,0,64,2,4.92,1,0,Sri Lanka 2nd Innings,"Sri Lanka vs Pakistan, 1st Test at Galle, Jul 16 2023, Pakistan tour of Sri Lanka"
Naseem Shah,12,2,32,0,2.66,1,0,Sri Lanka 2nd Innings,"Sri Lanka vs Pakistan, 1st Test at Galle, Jul 16 2023, Pakistan tour of Sri Lanka"
Agha Salman,9,0,39,2,4.33,0,0,Sri Lanka 2nd Innings,"Sri Lanka vs Pakistan, 1st Test at Galle, Jul 16 2023, Pakistan tour of Sri Lanka"
Abrar Ahmed,24.1,5,68,3,2.81,0,0,Sri Lanka 2nd Innings,"Sri Lanka vs Pakistan, 1st Test at Galle, Jul 16 2023, Pakistan tour of Sri Lanka"
Noman Ali,25,5,75,3,3.00,0,1,Sri Lanka 2nd Innings,"Sri Lanka vs Pakistan, 1st Test at Galle, Jul 16 2023, Pakistan tour of Sri Lanka"
Vishwa Fernando,2,1,6,0,3.00,0,0,Pakistan 2nd Innings,"Sri Lanka vs Pakistan, 1st Test at Galle, Jul 16 2023, Pakistan tour of Sri Lanka"
Ramesh Mendis,14,1,62,1,4.42,0,0,Pakistan 2nd Innings,"Sri Lanka vs Pakistan, 1st Test at Galle, Jul 16 2023, Pakistan tour of Sri Lanka"
Prabath Jayasuriya,14.5,0,56,4,3.77,0,0,Pakistan 2nd Innings,"Sri Lanka vs Pakistan, 1st Test at Galle, Jul 16 2023, Pakistan tour of Sri Lanka"
Dhananjaya de Silva,2,1,2,0,1.00,0,0,Pakistan 2nd Innings,"Sri Lanka vs Pakistan, 1st Test at Galle, Jul 16 2023, Pakistan tour of Sri Lanka"
Mohammed Siraj,12,2,25,1,2.08,1,0,West Indies 1st Innings,"West Indies vs India, 1st Test at Roseau, Jul 12 2023, India tour of West Indies and United States of America"
Jaydev Unadkat,7,2,17,0,2.42,0,1,West Indies 1st Innings,"West Indies vs India, 1st Test at Roseau, Jul 12 2023, India tour of West Indies and United States of America"
Ravichandran Ashwin,24.3,6,60,5,2.44,0,0,West Indies 1st Innings,"West Indies vs India, 1st Test at Roseau, Jul 12 2023, India tour of West Indies and United States of America"
Shardul Thakur,7,3,15,1,2.14,0,1,West Indies 1st Innings,"West Indies vs India, 1st Test at Roseau, Jul 12 2023, India tour of West Indies and United States of America"
Ravindra Jadeja,14,7,26,3,1.85,0,0,West Indies 1st Innings,"West Indies vs India, 1st Test at Roseau, Jul 12 2023, India tour of West Indies and United States of America"
Kemar Roach,24,6,50,1,2.08,0,0,India 1st Innings,"West Indies vs India, 1st Test at Roseau, Jul 12 2023, India tour of West Indies and United States of America"
Alzarri Joseph,18.2,2,80,1,4.36,1,0,India 1st Innings,"West Indies vs India, 1st Test at Roseau, Jul 12 2023, India tour of West Indies and United States of America"
Rahkeem Cornwall,16,5,32,1,2.00,0,0,India 1st Innings,"West Indies vs India, 1st Test at Roseau, Jul 12 2023, India tour of West Indies and United States of America"
Jomel Warrican,45,4,106,1,2.35,0,0,India 1st Innings,"West Indies vs India, 1st Test at Roseau, Jul 12 2023, India tour of West Indies and United States of America"
Jason Holder,18,5,40,0,2.22,0,0,India 1st Innings,"West Indies vs India, 1st Test at Roseau, Jul 12 2023, India tour of West Indies and United States of America"
Kraigg Brathwaite,9,0,21,0,2.33,0,0,India 1st Innings,"West Indies vs India, 1st Test at Roseau, Jul 12 2023, India tour of West Indies and United States of America"
Alick Athanaze,16,2,53,1,3.31,0,0,India 1st Innings,"West Indies vs India, 1st Test at Roseau, Jul 12 2023, India tour of West Indies and United States of America"
Raymon Reifer,4,0,16,0,4.00,0,0,India 1st Innings,"West Indies vs India, 1st Test at Roseau, Jul 12 2023, India tour of West Indies and United States of America"
Jermaine Blackwood,2,0,4,0,2.00,0,0,India 1st Innings,"West Indies vs India, 1st Test at Roseau, Jul 12 2023, India tour of West Indies and United States of America"
Mohammed Siraj,6,1,16,1,2.66,0,0,West Indies 2nd Innings,"West Indies vs India, 1st Test at Roseau, Jul 12 2023, India tour of West Indies and United States of America"
Jaydev Unadkat,2,1,1,0,0.50,0,0,West Indies 2nd Innings,"West Indies vs India, 1st Test at Roseau, Jul 12 2023, India tour of West Indies and United States of America"
Ravichandran Ashwin,21.3,7,71,7,3.30,0,0,West Indies 2nd Innings,"West Indies vs India, 1st Test at Roseau, Jul 12 2023, India tour of West Indies and United States of America"
Ravindra Jadeja,21,5,38,2,1.80,0,0,West Indies 2nd Innings,"West Indies vs India, 1st Test at Roseau, Jul 12 2023, India tour of West Indies and United States of America"
Stuart Broad,11.4,0,58,2,4.97,0,1,Australia 1st Innings,"England vs Australia, 3rd Test at Leeds, Jul 06 2023, The Ashes"
Ollie Robinson,11.2,2,38,0,3.35,0,2,Australia 1st Innings,"England vs Australia, 3rd Test at Leeds, Jul 06 2023, The Ashes"
Mark Wood,11.4,4,34,5,2.91,0,0,Australia 1st Innings,"England vs Australia, 3rd Test at Leeds, Jul 06 2023, The Ashes"
Chris Woakes,17,1,73,3,4.29,0,0,Australia 1st Innings,"England vs Australia, 3rd Test at Leeds, Jul 06 2023, The Ashes"
Moeen Ali,9,1,40,0,4.44,0,0,Australia 1st Innings,"England vs Australia, 3rd Test at Leeds, Jul 06 2023, The Ashes"
Mitchell Starc,14,3,59,2,4.21,0,1,England 1st Innings,"England vs Australia, 3rd Test at Leeds, Jul 06 2023, The Ashes"
Pat Cummins,18,1,91,6,5.05,1,3,England 1st Innings,"England vs Australia, 3rd Test at Leeds, Jul 06 2023, The Ashes"
Scott Boland,10,0,35,0,3.50,0,3,England 1st Innings,"England vs Australia, 3rd Test at Leeds, Jul 06 2023, The Ashes"
Mitchell Marsh,3,1,9,1,3.00,0,2,England 1st Innings,"England vs Australia, 3rd Test at Leeds, Jul 06 2023, The Ashes"
Todd Murphy,7.3,0,36,1,4.80,0,0,England 1st Innings,"England vs Australia, 3rd Test at Leeds, Jul 06 2023, The Ashes"
Stuart Broad,14.1,3,45,3,3.17,0,0,Australia 2nd Innings,"England vs Australia, 3rd Test at Leeds, Jul 06 2023, The Ashes"
Chris Woakes,18,0,68,3,3.77,0,0,Australia 2nd Innings,"England vs Australia, 3rd Test at Leeds, Jul 06 2023, The Ashes"
Mark Wood,17,2,66,2,3.88,0,0,Australia 2nd Innings,"England vs Australia, 3rd Test at Leeds, Jul 06 2023, The Ashes"
Joe Root,1,0,4,0,4.00,0,0,Australia 2nd Innings,"England vs Australia, 3rd Test at Leeds, Jul 06 2023, The Ashes"
Moeen Ali,17,3,34,2,2.00,0,0,Australia 2nd Innings,"England vs Australia, 3rd Test at Leeds, Jul 06 2023, The Ashes"
Pat Cummins,15,0,77,1,5.13,0,1,England 2nd Innings,"England vs Australia, 3rd Test at Leeds, Jul 06 2023, The Ashes"
Mitchell Starc,16,0,78,5,4.87,1,0,England 2nd Innings,"England vs Australia, 3rd Test at Leeds, Jul 06 2023, The Ashes"
Scott Boland,11,1,49,0,4.45,0,2,England 2nd Innings,"England vs Australia, 3rd Test at Leeds, Jul 06 2023, The Ashes"
Mitchell Marsh,6,0,23,1,3.83,0,1,England 2nd Innings,"England vs Australia, 3rd Test at Leeds, Jul 06 2023, The Ashes"
Todd Murphy,2,0,13,0,6.50,0,1,England 2nd Innings,"England vs Australia, 3rd Test at Leeds, Jul 06 2023, The Ashes"
James Anderson,20,5,53,1,2.65,0,1,Australia 1st Innings,"England vs Australia, 2nd Test at London, Jun 28 2023, The Ashes"
Stuart Broad,23,4,99,1,4.30,0,1,Australia 1st Innings,"England vs Australia, 2nd Test at London, Jun 28 2023, The Ashes"
Ollie Robinson,24.4,3,100,3,4.05,0,6,Australia 1st Innings,"England vs Australia, 2nd Test at London, Jun 28 2023, The Ashes"
Josh Tongue,22,3,98,3,4.45,0,1,Australia 1st Innings,"England vs Australia, 2nd Test at London, Jun 28 2023, The Ashes"
Ben Stokes,3,1,21,0,7.00,0,3,Australia 1st Innings,"England vs Australia, 2nd Test at London, Jun 28 2023, The Ashes"
Joe Root,8,1,19,2,2.37,0,0,Australia 1st Innings,"England vs Australia, 2nd Test at London, Jun 28 2023, The Ashes"
Mitchell Starc,17,0,88,3,5.17,1,1,England 1st Innings,"England vs Australia, 2nd Test at London, Jun 28 2023, The Ashes"
Pat Cummins,16.2,2,46,1,2.81,1,0,England 1st Innings,"England vs Australia, 2nd Test at London, Jun 28 2023, The Ashes"
Josh Hazlewood,13,1,71,2,5.46,0,0,England 1st Innings,"England vs Australia, 2nd Test at London, Jun 28 2023, The Ashes"
Nathan Lyon,13,1,35,1,2.69,0,0,England 1st Innings,"England vs Australia, 2nd Test at London, Jun 28 2023, The Ashes"
Cameron Green,9,0,54,1,6.00,0,6,England 1st Innings,"England vs Australia, 2nd Test at London, Jun 28 2023, The Ashes"
Travis Head,7,1,17,2,2.42,0,0,England 1st Innings,"England vs Australia, 2nd Test at London, Jun 28 2023, The Ashes"
Steven Smith,1,0,1,0,1.00,0,0,England 1st Innings,"England vs Australia, 2nd Test at London, Jun 28 2023, The Ashes"
James Anderson,19,4,64,1,3.36,0,0,Australia 2nd Innings,"England vs Australia, 2nd Test at London, Jun 28 2023, The Ashes"
Stuart Broad,24.5,8,65,4,2.61,0,1,Australia 2nd Innings,"England vs Australia, 2nd Test at London, Jun 28 2023, The Ashes"
Josh Tongue,20,4,53,2,2.65,3,0,Australia 2nd Innings,"England vs Australia, 2nd Test at London, Jun 28 2023, The Ashes"
Ollie Robinson,26,11,48,2,1.84,2,0,Australia 2nd Innings,"England vs Australia, 2nd Test at London, Jun 28 2023, The Ashes"
Ben Stokes,12,1,26,1,2.16,1,5,Australia 2nd Innings,"England vs Australia, 2nd Test at London, Jun 28 2023, The Ashes"
Mitchell Starc,21.3,2,79,3,3.67,3,0,England 2nd Innings,"England vs Australia, 2nd Test at London, Jun 28 2023, The Ashes"
Pat Cummins,25,2,69,3,2.76,2,1,England 2nd Innings,"England vs Australia, 2nd Test at London, Jun 28 2023, The Ashes"
Josh Hazlewood,18,0,80,3,4.44,2,2,England 2nd Innings,"England vs Australia, 2nd Test at London, Jun 28 2023, The Ashes"
Travis Head,4,0,23,0,5.75,0,0,England 2nd Innings,"England vs Australia, 2nd Test at London, Jun 28 2023, The Ashes"
Cameron Green,13,3,73,1,5.61,3,1,England 2nd Innings,"England vs Australia, 2nd Test at London, Jun 28 2023, The Ashes"
Pat Cummins,14,0,59,0,4.21,0,0,England 1st Innings,"England vs Australia, 1st Test at Birmingham, Jun 16 2023, The Ashes"
Josh Hazlewood,15,1,61,2,4.06,0,0,England 1st Innings,"England vs Australia, 1st Test at Birmingham, Jun 16 2023, The Ashes"
Scott Boland,14,0,86,1,6.14,0,0,England 1st Innings,"England vs Australia, 1st Test at Birmingham, Jun 16 2023, The Ashes"
Nathan Lyon,29,1,149,4,5.13,0,0,England 1st Innings,"England vs Australia, 1st Test at Birmingham, Jun 16 2023, The Ashes"
Cameron Green,6,0,32,1,5.33,0,3,England 1st Innings,"England vs Australia, 1st Test at Birmingham, Jun 16 2023, The Ashes"
Stuart Broad,23,4,68,3,2.95,0,7,Australia 1st Innings,"England vs Australia, 1st Test at Birmingham, Jun 16 2023, The Ashes"
Ollie Robinson,22.1,5,55,3,2.48,1,1,Australia 1st Innings,"England vs Australia, 1st Test at Birmingham, Jun 16 2023, The Ashes"
James Anderson,21,5,53,1,2.52,0,0,Australia 1st Innings,"England vs Australia, 1st Test at Birmingham, Jun 16 2023, The Ashes"
Harry Brook,3,1,5,0,1.66,0,1,Australia 1st Innings,"England vs Australia, 1st Test at Birmingham, Jun 16 2023, The Ashes"
Moeen Ali,33,4,147,2,4.45,0,0,Australia 1st Innings,"England vs Australia, 1st Test at Birmingham, Jun 16 2023, The Ashes"
Ben Stokes,7,0,33,1,4.71,0,6,Australia 1st Innings,"England vs Australia, 1st Test at Birmingham, Jun 16 2023, The Ashes"
Joe Root,7,3,15,0,2.14,0,0,Australia 1st Innings,"England vs Australia, 1st Test at Birmingham, Jun 16 2023, The Ashes"
Pat Cummins,18.2,1,63,4,3.43,0,0,England 2nd Innings,"England vs Australia, 1st Test at Birmingham, Jun 16 2023, The Ashes"
Josh Hazlewood,10,1,48,1,4.80,0,1,England 2nd Innings,"England vs Australia, 1st Test at Birmingham, Jun 16 2023, The Ashes"
Nathan Lyon,24,2,80,4,3.33,0,0,England 2nd Innings,"England vs Australia, 1st Test at Birmingham, Jun 16 2023, The Ashes"
Scott Boland,12,2,61,1,5.08,0,0,England 2nd Innings,"England vs Australia, 1st Test at Birmingham, Jun 16 2023, The Ashes"
Cameron Green,2,0,12,0,6.00,0,0,England 2nd Innings,"England vs Australia, 1st Test at Birmingham, Jun 16 2023, The Ashes"
James Anderson,17,1,56,0,3.29,0,1,Australia 2nd Innings,"England vs Australia, 1st Test at Birmingham, Jun 16 2023, The Ashes"
Stuart Broad,21,3,64,3,3.04,0,4,Australia 2nd Innings,"England vs Australia, 1st Test at Birmingham, Jun 16 2023, The Ashes"
Ollie Robinson,18.3,7,43,2,2.32,0,3,Australia 2nd Innings,"England vs Australia, 1st Test at Birmingham, Jun 16 2023, The Ashes"
Moeen Ali,14,2,57,1,4.07,0,0,Australia 2nd Innings,"England vs Australia, 1st Test at Birmingham, Jun 16 2023, The Ashes"
Joe Root,15,2,43,1,2.86,0,0,Australia 2nd Innings,"England vs Australia, 1st Test at Birmingham, Jun 16 2023, The Ashes"
Ben Stokes,7,2,9,1,1.28,0,0,Australia 2nd Innings,"England vs Australia, 1st Test at Birmingham, Jun 16 2023, The Ashes"
